Left,Right
bgp-rao07,ctn-gov01
bgp-rao08,ctn-gov02
bgp-merica01,ctn-bav01
bgp-rao08,ctn-cri01
ctn-rao06,ctn-kim01
ctn-rao06,ctn-ntp01
bgp-raclette02,ctn-asr01
bgp-rao08,ctn-love01
bgp-merica03,ctn-ctf01
bgp-rao07,ctn-gov03
bgp-concarne03,ctn-fwall01
bgp-durka03,ctn-black01
bgp-ggisp02,ctn-owny01
bgp-merica02,ctn-rasa01
bgp-rao05,ctn-pro01
bgp-51merica01,ctn-url01
bgp-merica01,ctn-mit01
bgp-merica05,ctn-road01
bgp-51merica02,ctn-isis01
bgp-rao07,ctn-gov04
ctn-rao06,ctn-orao01
bgp-rao08,ctn-gov05
ctn-rao04,ctn-isp01
bgp-tp03,ctn-gog01
bgp-auskev02,ctn-tok01
bgp-ggisp02,ctn-owny02
bgp-rao07,ctn-gov06
ctn-rao04,ctn-isp02
bgp-51merica02,bgp-51merica01
bgp-51merica03,bgp-51merica01
bgp-51merica02,bgp-51merica03
bgp-ring01,bgp-ring02
bgp-ring02,bgp-ring03
bgp-ring03,bgp-ring04
bgp-ring05,bgp-ring01
bgp-ring01,bgp-51merica01
bgp-pacman01,bgp-ring05
bgp-pacman01,bgp-51merica02
bgp-pacman02,bgp-pacman01
bgp-pacman03,bgp-pacman01
bgp-pacman02,bgp-pacman03
bgp-pacman04,bgp-ring01
bgp-pacman04,bgp-51merica01
bgp-levelone01,bgp-levelone03
bgp-levelone01,bgp-levelone08
bgp-levelone01,bgp-levelone07
bgp-levelone02,bgp-levelone09
bgp-levelone02,bgp-levelone04
bgp-levelone03,bgp-levelone04
bgp-levelone03,bgp-levelone10
bgp-levelone01,bgp-levelone06
bgp-levelone01,bgp-levelone05
bgp-levelone03,bgp-levelone05
bgp-levelone05,bgp-levelone06
bgp-levelone06,bgp-levelone07
bgp-levelone06,bgp-levelone08
bgp-levelone07,bgp-levelone08
bgp-levelone07,bgp-levelone11
bgp-levelone08,bgp-ring01
bgp-levelone08,bgp-pacman04
bgp-levelone09,bgp-ring04
bgp-levelone10,bgp-levelone05
bgp-levelone11,bgp-levelone12
bgp-levelone11,bgp-levelone13
bgp-levelone12,bgp-levelone13
bgp-levelone12,bgp-levelone14
bgp-levelone13,bgp-levelone14
bgp-levelone14,legacy
bgp-tp01,bgp-tp02
bgp-tp01,bgp-tp03
bgp-tp02,bgp-tp03
bgp-tp02,bgp-tp06
bgp-tp03,bgp-tp06
bgp-tp03,bgp-tp04
bgp-tp05,bgp-tp04
bgp-tp04,bgp-tp06
bgp-tp05,bgp-tp06
bgp-tp06,bgp-tp08
bgp-tp06,bgp-tp10
bgp-tp07,bgp-tp13
bgp-tp07,bgp-tp08
bgp-tp08,bgp-tp09
bgp-tp08,bgp-tp10
bgp-tp09,bgp-tp10
bgp-tp09,bgp-tp13
bgp-tp09,bgp-tp12
bgp-tp09,bgp-tp11
bgp-tp10,bgp-tp11
bgp-tp12,bgp-tp11
bgp-tp12,bgp-tp13
bgp-tp12,bgp-tp14
bgp-tp13,bgp-tp14
bgp-tp14,bgp-tp15
bgp-tp14,bgp-tp16
bgp-tp15,bgp-tp16
bgp-tp16,bgp-tp17
bgp-tp16,bgp-tp22
bgp-tp16,bgp-tp19
bgp-tp17,bgp-tp22
bgp-tp17,bgp-tp19
bgp-tp17,bgp-tp18
bgp-tp18,bgp-tp22
bgp-tp19,bgp-tp22
bgp-tp20,bgp-tp22
bgp-tp20,bgp-tp18
bgp-tp20,bgp-tp21
bgp-tp21,bgp-tp22
bgp-tp07,bgp-ring02
bgp-ring01,bgp-tp13
bgp-pacman04,bgp-tp13
bgp-tp02,bgp-levelone03
bgp-tp05,bgp-levelone02
bgp-tp09,bgp-levelone06
bgp-tp14,bgp-levelone07
bgp-tp13,bgp-levelone08
bgp-levelone11,bgp-tp16
bgp-levelone12,bgp-tp17
bgp-levelone13,bgp-tp22
bgp-toto01,bgp-toto22
bgp-toto01,bgp-toto02
bgp-toto01,bgp-toto03
bgp-toto01,bgp-toto04
bgp-toto01,bgp-toto05
bgp-toto02,bgp-toto03
bgp-toto02,bgp-toto04
bgp-toto02,bgp-toto22
bgp-toto03,bgp-toto04
bgp-toto03,bgp-toto05
bgp-toto03,bgp-toto06
bgp-toto05,bgp-toto06
bgp-toto05,bgp-toto22
bgp-toto06,bgp-toto07
bgp-toto06,bgp-toto08
bgp-toto07,bgp-toto08
bgp-toto07,bgp-toto10
bgp-toto08,bgp-toto09
bgp-toto09,bgp-toto10
bgp-toto09,bgp-toto11
bgp-toto10,bgp-toto11
bgp-toto10,bgp-toto14
bgp-toto11,bgp-toto12
bgp-toto11,bgp-toto13
bgp-toto11,bgp-toto14
bgp-toto12,bgp-toto13
bgp-toto12,bgp-toto16
bgp-toto12,bgp-toto17
bgp-toto13,bgp-toto14
bgp-toto13,bgp-toto15
bgp-toto13,bgp-toto16
bgp-toto13,bgp-toto17
bgp-toto14,bgp-toto15
bgp-toto14,bgp-toto17
bgp-toto15,bgp-toto16
bgp-toto16,bgp-toto17
bgp-toto16,bgp-toto18
bgp-toto16,bgp-toto19
bgp-toto17,bgp-toto18
bgp-toto18,bgp-toto19
bgp-toto19,bgp-toto20
bgp-toto20,bgp-toto21
bgp-toto22,bgp-toto23
bgp-toto23,bgp-toto24
bgp-toto24,bgp-toto25
bgp-toto25,bgp-toto26
bgp-toto26,bgp-toto27
bgp-toto27,bgp-toto28
bgp-toto28,bgp-toto29
bgp-toto28,bgp-toto31
bgp-toto28,bgp-toto30
bgp-toto29,bgp-toto31
bgp-toto29,bgp-toto30
bgp-toto30,bgp-toto31
bgp-toto29,bgp-tp21
bgp-tp19,bgp-toto30
bgp-toto31,bgp-tp22
bgp-toto31,bgp-levelone13
bgp-mdi01,bgp-mdi02
bgp-mdi02,bgp-mdi03
bgp-mdi03,bgp-le06
bgp-le01,bgp-toto14
bgp-le01,bgp-le02
bgp-le01,bgp-le03
bgp-le02,bgp-le03
bgp-le02,bgp-le04
bgp-le02,bgp-le05
bgp-le03,bgp-le05
bgp-le04,bgp-le05
bgp-le05,bgp-le06
bgp-le05,bgp-le07
bgp-le06,bgp-le07
bgp-le06,bgp-le08
bgp-le07,bgp-le08
bgp-le07,bgp-le09
bgp-le07,bgp-le10
bgp-le08,bgp-le09
bgp-le10,bgp-toto13
bgp-73401,bgp-le06
bgp-73401,bgp-mdi03
bgp-73402,bgp-le08
bgp-73403,bgp-le07
bgp-73407,bgp-toto10
bgp-73408,bgp-toto11
bgp-73401,bgp-73402
bgp-73401,bgp-73403
bgp-73402,bgp-73403
bgp-73402,bgp-73404
bgp-73403,bgp-73404
bgp-73402,bgp-73405
bgp-73404,bgp-73405
bgp-73405,bgp-73406
bgp-73405,bgp-73407
bgp-73406,bgp-73408
bgp-raclette01,bgp-raclette02
bgp-raclette02,bgp-raclette04
bgp-raclette02,bgp-raclette03
bgp-raclette03,bgp-raclette04
bgp-gruyere02,bgp-raclette02
bgp-gruyere01,bgp-gruyere02
bgp-gruyere02,bgp-gruyere03
bgp-gruyere02,bgp-gruyere04
bgp-gruyere03,bgp-gruyere04
bgp-gruyere03,bgp-gruyere06
bgp-gruyere03,bgp-gruyere05
bgp-gruyere04,bgp-gruyere08
bgp-gruyere05,bgp-gruyere08
bgp-gruyere05,bgp-gruyere07
bgp-gruyere05,bgp-gruyere06
bgp-gruyere06,bgp-gruyere07
bgp-gruyere06,bgp-gruyere09
bgp-gruyere07,bgp-gruyere09
bgp-sbrinz01,bgp-gruyere06
bgp-sbrinz02,bgp-gruyere07
bgp-sbrinz03,bgp-gruyere05
bgp-sbrinz04,bgp-gruyere09
bgp-sbrinz02,bgp-toto30
bgp-sbrinz02,bgp-tp19
bgp-sbrinz01,bgp-sbrinz03
bgp-sbrinz01,bgp-sbrinz02
bgp-sbrinz01,bgp-sbrinz04
bgp-sbrinz01,bgp-sbrinz05
bgp-sbrinz02,bgp-sbrinz05
bgp-sbrinz02,bgp-sbrinz03
bgp-sbrinz02,bgp-sbrinz06
bgp-sbrinz02,bgp-sbrinz07
bgp-sbrinz03,bgp-sbrinz05
bgp-sbrinz03,bgp-sbrinz06
bgp-sbrinz04,bgp-sbrinz07
bgp-sbrinz05,bgp-sbrinz06
bgp-sbrinz06,bgp-sbrinz08
bgp-sbrinz06,bgp-sbrinz07
bgp-merica01,bgp-merica02
bgp-merica03,bgp-merica04
bgp-merica05,bgp-merica06
bgp-marathon01,bgp-levelone06
bgp-marathon01,bgp-tp09
bgp-marathon02,bgp-tp08
bgp-marathon02,bgp-merica06
bgp-marathon03,bgp-merica05
bgp-marathon09,bgp-tp12
bgp-marathon09,bgp-merica04
bgp-marathon01,bgp-marathon02
bgp-marathon01,bgp-marathon05
bgp-marathon01,bgp-marathon06
bgp-marathon02,bgp-marathon03
bgp-marathon04,bgp-marathon01
bgp-marathon04,bgp-marathon05
bgp-marathon04,bgp-marathon06
bgp-marathon05,bgp-marathon06
bgp-marathon05,bgp-marathon08
bgp-marathon06,bgp-marathon08
bgp-marathon06,bgp-marathon07
bgp-marathon07,bgp-marathon08
bgp-marathon07,bgp-marathon09
bgp-marathon08,bgp-marathon10
bgp-marathon09,bgp-marathon01
bgp-marathon10,bgp-merica02
bgp-marathon10,bgp-tp11
bgp-btc01,bgp-levelone05
bgp-btc02,bgp-marathon04
bgp-btc01,bgp-marathon05
bgp-btc09,bgp-levelone01
bgp-btc11,bgp-tp06
bgp-btc13,bgp-levelone03
bgp-btc13,bgp-tp02
bgp-btc01,bgp-btc06
bgp-btc01,bgp-btc05
bgp-btc01,bgp-btc03
bgp-btc01,bgp-btc02
bgp-btc01,bgp-btc07
bgp-btc02,bgp-btc03
bgp-btc02,bgp-btc09
bgp-btc03,bgp-btc04
bgp-btc04,bgp-btc05
bgp-btc05,bgp-btc06
bgp-btc06,bgp-btc07
bgp-btc07,bgp-btc09
bgp-btc07,bgp-btc08
bgp-btc07,bgp-btc10
bgp-btc07,bgp-btc11
bgp-btc08,bgp-btc13
bgp-btc08,bgp-btc10
bgp-btc09,bgp-btc11
bgp-btc10,bgp-btc13
bgp-btc11,bgp-btc10
bgp-btc11,bgp-btc12
bgp-concarne03,bgp-ketchup11
bgp-concarne01,bgp-concarne02
bgp-concarne02,bgp-concarne03
bgp-ketchup01,bgp-levelone10
bgp-ketchup01,bgp-ketchup02
bgp-ketchup02,bgp-ketchup03
bgp-ketchup03,bgp-ketchup04
bgp-ketchup04,bgp-ketchup05
bgp-ketchup05,bgp-ketchup06
bgp-ketchup06,bgp-ketchup09
bgp-ketchup06,bgp-ketchup07
bgp-ketchup06,bgp-ketchup08
bgp-ketchup07,bgp-ketchup08
bgp-ketchup07,bgp-ketchup09
bgp-ketchup09,bgp-ketchup10
bgp-ketchup10,bgp-ketchup11
bgp-gss01,bgp-ketchup01
bgp-gss01,bgp-levelone10
bgp-gss02,bgp-ketchup04
bgp-gss03,bgp-ketchup06
bgp-gss04,bgp-ketchup09
bgp-gss05,bgp-ketchup08
bgp-gss12,bgp-ketchup11
bgp-gss12,bgp-concarne03
bgp-gss01,bgp-gss02
bgp-gss02,bgp-gss03
bgp-gss03,bgp-gss04
bgp-gss03,bgp-gss05
bgp-gss04,bgp-gss06
bgp-gss04,bgp-gss05
bgp-gss05,bgp-gss06
bgp-gss06,bgp-gss07
bgp-gss07,bgp-gss08
bgp-gss07,bgp-gss09
bgp-gss08,bgp-gss09
bgp-gss09,bgp-gss10
bgp-gss10,bgp-gss11
bgp-gss11,bgp-gss12
bgp-auskev01,bgp-auskev02
bgp-auskev02,bgp-flag01
bgp-auskev02,bgp-swedish11
bgp-flag01,bgp-tp21
bgp-flag01,bgp-toto29
bgp-flag01,bgp-flag02
bgp-flag01,bgp-flag03
bgp-flag02,bgp-flag03
bgp-flag02,bgp-flag09
bgp-flag03,bgp-flag04
bgp-flag03,bgp-flag08
bgp-flag03,bgp-flag06
bgp-flag04,bgp-flag05
bgp-flag04,bgp-flag06
bgp-flag05,bgp-flag06
bgp-flag05,bgp-flag07
bgp-flag06,bgp-flag08
bgp-flag07,bgp-flag10
bgp-flag07,bgp-toto28
bgp-flag08,bgp-toto31
bgp-flag08,bgp-tp22
bgp-flag08,bgp-levelone13
bgp-flag09,bgp-tp20
bgp-flag10,bgp-toto27
bgp-swedish01,bgp-levelone14
bgp-swedish01,bgp-tp18
bgp-swedish01,bgp-swedish02
bgp-swedish01,bgp-swedish03
bgp-swedish02,bgp-swedish07
bgp-swedish03,bgp-swedish04
bgp-swedish04,bgp-swedish05
bgp-swedish05,bgp-swedish06
bgp-swedish05,bgp-flag09
bgp-swedish05,bgp-tp20
bgp-swedish06,bgp-flag02
bgp-swedish07,bgp-swedish08
bgp-swedish07,bgp-levelone13
bgp-swedish07,bgp-tp22
bgp-swedish07,bgp-toto31
bgp-swedish07,bgp-flag08
bgp-swedish08,bgp-swedish09
bgp-swedish09,bgp-swedish10
bgp-swedish10,bgp-levelone11
bgp-swedish10,bgp-tp16
bgp-swedish11,bgp-swedish06
bgp-swedish11,bgp-swedish05
bgp-swedish11,bgp-flag01
bgp-swedish11,bgp-tp21
bgp-swedish11,bgp-toto29
bgp-durka01,bgp-durka02
bgp-durka02,bgp-durka03
bgp-nlrail01,bgp-durka03
bgp-nlrail01,bgp-toto22
bgp-nlrail01,bgp-nlrail02
bgp-nlrail02,bgp-nlrail03
bgp-nlrail03,bgp-nlrail04
bgp-nlrail04,bgp-nlrail05
bgp-nlrail05,bgp-nlrail06
bgp-nlrail06,bgp-toto25
bgp-ggisp01,bgp-ggisp02
bgp-ggisp02,bgp-ggisp03
bgp-ggisp03,bgp-ggs01
bgp-ggisp03,bgp-fb01
bgp-ggs01,bgp-fb01
bgp-ggs01,bgp-toto15
bgp-fb01,bgp-toto15
bgp-ggs01,bgp-ggs02
bgp-ggs02,bgp-ggs03
bgp-ggs03,bgp-ggs04
bgp-ggs04,bgp-ggs05
bgp-ggs05,bgp-toto16
bgp-fb01,bgp-fb02
bgp-fb02,bgp-fb03
bgp-fb03,bgp-fb04
bgp-fb04,bgp-fb05
bgp-fb05,bgp-ggs05
bgp-fb05,bgp-toto16
bgp-oipcc01,bgp-oipcc02
bgp-oipcc02,bgp-oipcc03
bgp-oipcc03,bgp-oipcc04
bgp-oipcc04,bgp-oipcc05
bgp-oipcc05,bgp-oipcc06
bgp-oipcc06,bgp-oipcc07
bgp-oipcc07,bgp-oipcc08
bgp-oipcc08,bgp-oipcc09
bgp-oipcc09,bgp-oipcc10
bgp-oipcc03,bgp-oipcc15
bgp-oipcc10,bgp-oipcc11
bgp-oipcc11,bgp-toto25
bgp-oipcc11,bgp-nlrail06
bgp-oipcc10,bgp-oipcc12
bgp-oipcc12,bgp-oipcc13
bgp-oipcc13,bgp-oipcc14
bgp-oipcc14,bgp-oipcc15
bgp-oipcc15,bgp-oipcc16
bgp-oipcc16,bgp-oipcc17
bgp-mate01,bgp-mate02
bgp-mate02,bgp-mate03
bgp-mate03,bgp-mate04
bgp-mate04,bgp-mate01
bgp-mate01,bgp-mate05
bgp-mate03,bgp-mate06
bgp-mate06,bgp-toto09
bgp-rao01,bgp-toto21
bgp-rao01,bgp-toto17
bgp-rao02,bgp-rao01
ctn-rao03,bgp-rao01
ctn-rao04,bgp-rao02
bgp-rao05,bgp-rao02
ctn-rao06,bgp-rao02
ctn-rao06,ctn-rao03
bgp-rao07,ctn-rao03
bgp-rao08,ctn-rao03
